reference_start,reference_end,testing_start,testing_end,moving_average_window,training_return_pct,test_return_pct,win_rate_pct,max_drawdown_pct,num_trades,final_equity
2014-01-02,2016-12-30,2017-01-03,2017-12-29,140,33.38997994752503,45.40117953106688,100.0,-8.625475256313297,1,14540.117953106688
2015-01-02,2017-12-29,2018-01-02,2018-12-31,160,57.877072132949834,-1.0364174438170948,28.57142857142857,-16.657412988155972,7,9896.35825561829
2016-01-04,2018-12-31,2019-01-02,2019-12-31,190,55.483875969024645,42.514892330017105,33.33333333333333,-12.139217217650888,3,14251.48923300171
2017-01-03,2019-12-31,2020-01-02,2020-12-31,120,66.1847566089478,17.442671187164315,16.666666666666664,-41.28605396512687,6,11744.267118716432
2018-01-02,2020-12-31,2021-01-04,2021-12-31,140,99.73889909167482,15.512957522155734,22.22222222222222,-23.4168817904304,9,11551.295752215574
2019-01-02,2021-12-31,2022-01-03,2022-12-30,180,124.77665845855714,-34.08158292858887,0.0,-34.08158292858887,8,6591.841707141113
2020-01-02,2022-12-30,2023-01-03,2023-12-29,120,20.055534147521975,18.990036597900396,40.0,-13.567901643158354,5,11899.00365979004
2021-01-04,2023-12-29,2024-01-02,2024-12-31,120,12.55721531042478,25.661324337402334,16.666666666666664,-11.530744963953698,6,12566.132433740233
2022-01-03,2024-12-31,2025-01-02,2025-12-31,190,55.563443353637666,10.632384838867193,50.0,-9.65619897251717,2,11063.23848388672
