Date,Equity
2017-01-03,10000.0
2017-01-04,9981.497234625243
2017-01-05,10030.467563909911
2017-01-06,10138.367817205808
2017-01-09,10228.007335943603
2017-01-10,10237.967563909911
2017-01-11,10291.087513250732
2017-01-12,10249.587513250732
2017-01-13,10232.157589239501
2017-01-17,10311.837513250732
2017-01-18,10311.007335943603
2017-01-19,10293.577411932372
2017-01-20,10311.837513250732
2017-01-23,10318.477665228273
2017-01-24,10309.347614569091
2017-01-25,10467.877285284423
2017-01-26,10472.857715887452
2017-01-27,10473.687259954833
2017-01-30,10447.127285284423
2017-01-31,10423.88738660278
2017-02-01,11038.087513250732
2017-02-02,11019.827411932372
2017-02-03,11065.47766522827
2017-02-06,11165.906955999755
2017-02-07,11268.827411932372
2017-02-08,11311.156955999755
2017-02-09,11342.697361273193
2017-02-10,11317.797107977294
2017-02-13,11414.906955999755
2017-02-14,11558.49786786499
2017-02-15,11599.167057318115
2017-02-16,11585.88801984253
2017-02-17,11616.597614569091
2017-02-21,11697.937259954833
2017-02-22,11731.967563909911
2017-02-23,11683.827411932372
2017-02-24,11694.61781720581
2017-02-27,11717.026905340575
2017-02-28,11722.007969183347
2017-03-01,11954.406955999755
2017-03-02,11885.518070501708
2017-03-03,11953.577411932372
2017-03-06,11917.057209295654
2017-03-07,11931.99786786499
2017-03-08,11888.837513250732
2017-03-09,11862.276905340575
2017-03-10,11900.457462591552
2017-03-13,11905.437259954833
2017-03-14,11888.007969183349
2017-03-15,12010.018070501708
2017-03-16,12029.10771588745
2017-03-17,11971.007969183349
2017-03-20,12093.018070501708
2017-03-21,11958.557209295654
2017-03-22,12089.697361273193
2017-03-23,12048.197361273193
2017-03-24,12024.957462591552
2017-03-27,12044.87791852417
2017-03-28,12287.23776654663
2017-03-29,12313.797107977294
2017-03-30,12298.026905340575
2017-03-31,12275.61781720581
2017-04-03,12278.937259954833
2017-04-04,12367.74786786499
2017-04-05,12305.49786786499
2017-04-06,12275.61781720581
2017-04-07,12249.057209295654
2017-04-10,12234.947361273193
2017-04-11,12107.12791852417
2017-04-12,12121.23776654663
2017-04-13,12058.98776654663
2017-04-17,12123.72766522827
2017-04-18,12071.437259954833
2017-04-19,12028.276905340575
2017-04-20,12174.357715887449
2017-04-21,12160.247867864991
2017-04-24,12273.957462591552
2017-04-25,12347.827411932372
2017-04-26,12277.276905340575
2017-04-27,12286.406955999755
2017-04-28,12274.787006658933
2017-05-01,12517.97766522827
2017-05-02,12595.167057318115
2017-05-03,12557.817310614013
2017-05-04,12513.827411932372
2017-05-05,12715.518070501708
2017-05-08,13051.667057318115
2017-05-09,13133.007969183347
2017-05-10,13072.417057318115
2017-05-11,13129.687259954835
2017-05-12,13308.138019842529
2017-05-15,13274.937259954833
2017-05-16,13255.847614569091
2017-05-17,12822.587513250732
2017-05-18,13012.656955999755
2017-05-19,13055.817310614013
2017-05-22,13133.007969183347
2017-05-23,13117.23776654663
2017-05-24,13079.057209295652
2017-05-25,13123.047107977294
2017-05-26,13101.467563909911
2017-05-30,13106.447361273193
2017-05-31,13030.917057318115
2017-06-01,13065.776905340575
2017-06-02,13254.187259954833
2017-06-05,13128.026905340575
2017-06-06,13171.187259954833
2017-06-07,13247.547107977292
2017-06-08,13216.00796918335
2017-06-09,12717.177158636474
2017-06-12,12421.697361273193
2017-06-13,12518.807209295652
2017-06-14,12400.11781720581
2017-06-15,12327.906955999755
2017-06-16,12160.247867864991
2017-06-19,12498.057209295654
2017-06-20,12387.667057318115
2017-06-21,12459.047107977294
2017-06-22,12439.12791852417
2017-06-23,12493.077411932372
2017-06-26,12454.89812116089
2017-06-27,12281.427158636474
2017-06-28,12455.72766522827
2017-06-29,12277.276905340575
2017-06-30,12305.49786786499
2017-07-03,12262.337513250732
2017-07-05,12311.307209295654
2017-07-06,12198.427158636474
2017-07-07,12318.776905340575
2017-07-10,12391.817310614013
2017-07-11,12430.827411932372
2017-07-12,12448.257969183349
2017-07-13,12616.74786786499
2017-07-14,12722.156955999755
2017-07-17,12765.317310614013
2017-07-18,12808.47766522827
2017-07-19,12886.49786786499
2017-07-20,12830.057209295654
2017-07-21,12824.247867864988
2017-07-24,12975.307209295655
2017-07-25,13029.25796918335
2017-07-26,13089.018070501708
2017-07-27,12848.317310614013
2017-07-28,12760.337513250732
2017-07-31,12696.427158636474
2017-08-01,12805.98776654663
2017-08-02,13394.457462591552
2017-08-03,13264.148121160888
2017-08-04,13332.207462591552
2017-08-07,13533.067310614013
2017-08-08,13638.47766522827
2017-08-09,13719.817310614013
2017-08-10,13243.398121160888
2017-08-11,13422.677158636474
2017-08-14,13619.388019842529
2017-08-15,13764.638019842529
2017-08-16,13710.687259954833
2017-08-17,13454.217563909911
2017-08-18,13424.337513250732
2017-08-21,13400.268070501708
2017-08-22,13613.577411932372
2017-08-23,13630.177158636474
2017-08-24,13571.247867864991
2017-08-25,13620.217563909911
2017-08-28,13753.847614569091
2017-08-29,13873.36781720581
2017-08-30,13909.888019842529
2017-08-31,13963.837513250732
2017-09-01,13967.98776654663
2017-09-05,13804.477665228269
2017-09-06,13790.367817205812
2017-09-07,13736.417057318116
2017-09-08,13518.12791852417
2017-09-11,13756.337513250732
2017-09-12,13703.217563909911
2017-09-13,13602.787006658935
2017-09-14,13489.077411932372
2017-09-15,13621.87791852417
2017-09-18,13521.447361273193
2017-09-19,13526.427158636474
2017-09-20,13305.64812116089
2017-09-21,13083.207462591552
2017-09-22,12958.707462591552
2017-09-25,12847.48776654663
2017-09-26,13062.457462591552
2017-09-27,13152.927158636474
2017-09-28,13074.077411932372
2017-09-29,13143.797107977296
2017-10-02,13118.067310614013
2017-10-03,13173.677158636474
2017-10-04,13090.677158636474
2017-10-05,13249.207462591552
2017-10-06,13241.73776654663
2017-10-09,13286.557209295654
2017-10-10,13291.537006658935
2017-10-11,13345.48776654663
2017-10-12,13299.837513250732
2017-10-13,13382.007969183349
2017-10-16,13621.87791852417
2017-10-17,13670.847614569091
2017-10-18,13611.917057318115
2017-10-19,13298.177158636476
2017-10-20,13320.587513250732
2017-10-23,13313.947361273193
2017-10-24,13391.138019842529
2017-10-25,13333.86781720581
2017-10-26,13416.867817205812
2017-10-27,13884.98776654663
2017-10-30,14189.597614569091
2017-10-31,14382.156955999753
2017-11-01,14203.707462591552
2017-11-02,14304.967563909911
2017-11-03,14669.337513250732
2017-11-06,14814.587513250732
2017-11-07,14861.067310614013
2017-11-08,14979.757969183349
2017-11-09,14949.877918524167
2017-11-10,14849.447361273194
2017-11-13,14791.347614569091
2017-11-14,14573.057209295655
2017-11-15,14385.47766522827
2017-11-16,14553.138019842529
2017-11-17,14474.287006658935
2017-11-20,14460.177158636474
2017-11-21,14722.457462591552
2017-11-22,14873.518070501708
2017-11-24,14874.34761456909
2017-11-27,14801.307209295654
2017-11-28,14716.64812116089
2017-11-29,14418.677158636474
2017-11-30,14615.388019842529
2017-12-01,14548.98776654663
2017-12-04,14445.23776654663
2017-12-05,14431.957462591552
2017-12-06,14379.667057318115
2017-12-07,14405.398121160888
2017-12-08,14409.547107977294
2017-12-11,14683.447361273193
2017-12-12,14602.937259954833
2017-12-13,14650.24786786499
2017-12-14,14646.097614569091
2017-12-15,14791.347614569091
2017-12-18,14994.697361273193
2017-12-19,14838.656955999757
2017-12-20,14822.888019842529
2017-12-21,14877.667057318113
2017-12-22,14877.667057318113
2017-12-26,14509.148121160888
2017-12-27,14511.638019842527
2017-12-28,14551.477665228273
2017-12-29,14540.117953106688
2018-01-02,14540.117953106688
2018-01-03,14526.332346909368
2018-01-04,14592.053930764401
2018-01-05,14753.892813924253
2018-01-08,14700.494732155446
2018-01-09,14698.85134783696
2018-01-10,14695.564579199987
2018-01-11,14776.895180243271
2018-01-12,14925.589495925124
2018-01-16,14851.653497547555
2018-01-17,15090.715147721949
2018-01-18,15103.858461664995
2018-01-19,15038.138131344913
2018-01-22,14918.196146794357
2018-01-23,14921.481661896381
2018-01-24,14689.814614387707
2018-01-25,14434.322881633294
2018-01-26,14467.183046793336
2018-01-29,14175.545633776857
2018-01-30,14094.215032733573
2018-01-31,14132.004097314126
2018-02-01,14160.757681980374
2018-02-02,13562.693650615985
2018-02-05,13552.145376645725
2018-02-06,13552.145376645725
2018-02-07,13258.669171041209
2018-02-08,13248.323173811252
2018-02-09,13248.323173811252
2018-02-12,13248.323173811252
2018-02-13,13367.174502490096
2018-02-14,13607.282643575762
2018-02-15,14052.632738591647
2018-02-16,14008.25528290266
2018-02-20,13962.295034115476
2018-02-21,13900.485089429782
2018-02-22,14013.802918299545
2018-02-23,14251.53384683284
2018-02-26,14526.509384235978
2018-02-27,14480.547926286765
2018-02-28,14459.1518041534
2018-03-01,14211.912025410624
2018-03-02,14307.797365283679
2018-03-05,14356.136035785263
2018-03-06,14344.24876386138
2018-03-07,14214.289237962994
2018-03-08,14365.644885994745
2018-03-09,14606.545028210523
2018-03-12,14744.429402058166
2018-03-13,14605.75302708041
2018-03-14,14484.510350261393
2018-03-15,14501.150838127985
2018-03-16,14451.228165366176
2018-03-19,14235.68536009636
2018-03-20,14230.930934991618
2018-03-21,13916.333576166264
2018-03-22,13724.564105582182
2018-03-23,13414.721171861569
2018-03-26,13404.264814546186
2018-03-27,13058.8677370945
2018-03-28,12918.235670104219
2018-03-29,12908.16581280142
2018-04-02,12815.744678749628
2018-04-03,12805.75966612344
2018-04-04,13034.548059020857
2018-04-05,13122.792215919768
2018-04-06,12795.029012801968
2018-04-09,12918.867061627448
2018-04-10,13156.161560320263
2018-04-11,13096.096514097488
2018-04-12,13222.159110449038
2018-04-13,13265.910053807675
2018-04-16,13346.739429456156
2018-04-17,13526.193429452267
2018-04-18,13496.530909922276
2018-04-19,13122.792215919768
2018-04-20,12597.777501087861
2018-04-23,12587.946380558915
2018-04-24,12587.946380558915
2018-04-25,12587.946380558915
2018-04-26,12587.946380558915
2018-04-27,12587.946380558915
2018-04-30,12587.946380558915
2018-05-01,12587.946380558915
2018-05-02,13121.184938714821
2018-05-03,13144.448550591853
2018-05-04,13648.990821056328
2018-05-07,13745.682738563244
2018-05-08,13810.386219081649
2018-05-09,13905.623814182823
2018-05-10,14100.460862279431
2018-05-11,13995.045228984
2018-05-14,13963.05679199549
2018-05-15,13838.73940471729
2018-05-16,13965.23772094262
2018-05-17,13878.724950952925
2018-05-18,13829.28797306442
2018-05-21,13925.253284029948
2018-05-22,13891.083918094311
2018-05-23,13978.324403948358
2018-05-24,13963.05679199549
2018-05-25,13994.318622442614
2018-05-29,13944.881644554107
2018-05-30,13915.80185237708
2018-05-31,13870.000125841445
2018-06-01,14115.00186769091
2018-06-04,14230.595539180596
2018-06-05,14338.192101423156
2018-06-06,14386.901363447307
2018-06-07,14349.097855481763
2018-06-08,14221.144107527727
2018-06-11,14186.97474159209
2018-06-12,14263.310582710492
2018-06-13,14148.443517762194
2018-06-14,14155.714020467933
2018-06-15,14013.220376425385
2018-06-18,14005.950983042609
2018-06-19,13784.21396239314
2018-06-20,13843.101262611546
2018-06-21,13767.493137357496
2018-06-22,13728.234197663249
2018-06-25,13528.307575808032
2018-06-26,13692.61050932187
2018-06-27,13672.98214879771
2018-06-28,13770.400672846014
2018-06-29,13742.047487210373
2018-07-02,13892.537131177087
2018-07-03,13655.533607897714
2018-07-05,13763.130170140275
2018-07-06,13949.971218312718
2018-07-09,14139.719801973679
2018-07-10,14122.998976938035
2018-07-11,13943.428431471331
2018-07-12,14172.434845503576
2018-07-13,14194.245244297828
2018-07-16,14163.71112971506
2018-07-17,14202.968960086344
2018-07-18,14126.633118967942
2018-07-19,14234.230790533464
2018-07-20,14202.242353544956
2018-07-23,14214.60132068634
2018-07-24,14315.655096087514
2018-07-25,14447.970701935808
2018-07-26,14403.623297805914
2018-07-27,14168.799594150707
2018-07-30,14091.010539949526
2018-07-31,14118.636009720814
2018-08-01,14933.610109094549
2018-08-02,15361.816538440624
2018-08-03,15405.437336029127
2018-08-06,15483.95410609466
2018-08-07,15341.460462052111
2018-08-08,15351.638500246367
2018-08-09,15470.140816547535
2018-08-10,15371.99457663488
2018-08-13,15469.413100683181
2018-08-14,15533.3899746602
2018-08-15,15569.013663001579
2018-08-16,15792.931612598175
2018-08-17,16102.635725643082
2018-08-20,15948.5108303235
2018-08-21,15917.975606417769
2018-08-22,15918.703322282121
2018-08-23,15950.691759270629
2018-08-24,15999.40102129478
2018-08-27,16128.807982331593
2018-08-28,16256.760620962663
2018-08-29,16495.218466647777
2018-08-30,16644.254897531715
2018-08-31,16833.276874651285
2018-09-04,16886.347994569696
2018-09-05,16778.023716462783
2018-09-06,16503.943291759257
2018-09-07,16373.082008316705
2018-09-10,16157.161167967231
2018-09-11,16558.468734083406
2018-09-12,16356.36118328106
2018-09-13,16744.582066391496
2018-09-14,16557.741018219054
2018-09-17,16124.446124437334
2018-09-18,16150.618381125843
2018-09-19,16160.068703455749
2018-09-20,16280.751948704048
2018-09-21,16108.45190594308
2018-09-24,16336.003997569584
2018-09-25,16437.78548883511
2018-09-26,16309.105134339687
2018-09-27,16638.438717231715
2018-09-28,16695.872804367347
2018-10-01,16806.376902098425
2018-10-02,16953.23240403523
2018-10-03,17156.067670701927
2018-10-04,16859.449131339796
2018-10-05,16590.45606174895
2018-10-08,16552.65255378341
2018-10-09,16778.023716462783
2018-10-10,16013.940917383294
2018-10-11,15875.082524693615
2018-10-12,16431.969308535114
2018-10-15,16086.641507148826
2018-10-16,16434.876844023627
2018-10-17,16365.084899069574
2018-10-18,15989.222983100522
2018-10-19,16228.407435327024
2018-10-22,16325.825959375326
2018-10-23,16477.04331920639
2018-10-24,15921.610857770636
2018-10-25,16264.031123668403
2018-10-26,16009.579059489035
2018-10-29,15714.414842532646
2018-10-30,15791.477290192437
2018-10-31,16195.692391797127
2018-11-01,16439.966417782238
2018-11-02,15368.359325282008
2018-11-05,14940.152895935933
2018-11-06,15098.640758472739
2018-11-07,15547.929870748712
2018-11-08,15441.787630911895
2018-11-09,15149.530949444019
2018-11-12,14400.714652994433
2018-11-13,14389.421634289109
2018-11-14,14389.421634289109
2018-11-15,14389.421634289109
2018-11-16,14389.421634289109
2018-11-19,14389.421634289109
2018-11-20,14389.421634289109
2018-11-21,14389.421634289109
2018-11-23,14389.421634289109
2018-11-26,14389.421634289109
2018-11-27,14389.421634289109
2018-11-28,14389.421634289109
2018-11-29,14389.421634289109
2018-11-30,14389.421634289109
2018-12-03,14389.421634289109
2018-12-04,14389.421634289109
2018-12-06,14389.421634289109
2018-12-07,14389.421634289109
2018-12-10,14389.421634289109
2018-12-11,14389.421634289109
2018-12-12,14389.421634289109
2018-12-13,14389.421634289109
2018-12-14,14389.421634289109
2018-12-17,14389.421634289109
2018-12-18,14389.421634289109
2018-12-19,14389.421634289109
2018-12-20,14389.421634289109
2018-12-21,14389.421634289109
2018-12-24,14389.421634289109
2018-12-26,14389.421634289109
2018-12-27,14389.421634289109
2018-12-28,14389.421634289109
2018-12-31,14389.421634289109
2019-01-02,14389.421634289109
2019-01-03,14389.421634289109
2019-01-04,14389.421634289109
2019-01-07,14389.421634289109
2019-01-08,14389.421634289109
2019-01-09,14389.421634289109
2019-01-10,14389.421634289109
2019-01-11,14389.421634289109
2019-01-14,14389.421634289109
2019-01-15,14389.421634289109
2019-01-16,14389.421634289109
2019-01-17,14389.421634289109
2019-01-18,14389.421634289109
2019-01-22,14389.421634289109
2019-01-23,14389.421634289109
2019-01-24,14389.421634289109
2019-01-25,14389.421634289109
2019-01-28,14389.421634289109
2019-01-29,14389.421634289109
2019-01-30,14389.421634289109
2019-01-31,14389.421634289109
2019-02-01,14389.421634289109
2019-02-04,14389.421634289109
2019-02-05,14389.421634289109
2019-02-06,14389.421634289109
2019-02-07,14389.421634289109
2019-02-08,14389.421634289109
2019-02-11,14389.421634289109
2019-02-12,14389.421634289109
2019-02-13,14389.421634289109
2019-02-14,14389.421634289109
2019-02-15,14389.421634289109
2019-02-19,14389.421634289109
2019-02-20,14389.421634289109
2019-02-21,14389.421634289109
2019-02-22,14389.421634289109
2019-02-25,14389.421634289109
2019-02-26,14389.421634289109
2019-02-27,14389.421634289109
2019-02-28,14389.421634289109
2019-03-01,14389.421634289109
2019-03-04,14389.421634289109
2019-03-05,14389.421634289109
2019-03-06,14389.421634289109
2019-03-07,14389.421634289109
2019-03-08,14389.421634289109
2019-03-11,14389.421634289109
2019-03-12,14389.421634289109
2019-03-13,14389.421634289109
2019-03-14,14389.421634289109
2019-03-15,14389.421634289109
2019-03-18,14389.421634289109
2019-03-19,14389.421634289109
2019-03-20,14389.421634289109
2019-03-21,14389.421634289109
2019-03-22,14087.526871464046
2019-03-25,13921.329227240125
2019-03-26,13910.465789166929
2019-03-27,13910.465789166929
2019-03-28,13910.465789166929
2019-03-29,13910.465789166929
2019-04-01,13910.465789166929
2019-04-02,14097.581274361939
2019-04-03,14192.31416211298
2019-04-04,14216.53129788009
2019-04-05,14309.839328572041
2019-04-08,14530.645438289203
2019-04-09,14487.908421296368
2019-04-10,14567.68302704567
2019-04-11,14448.733003527519
2019-04-12,14443.034662138642
2019-04-15,14468.676654964842
2019-04-16,14470.101512023935
2019-04-17,14746.46509172329
2019-04-18,14798.460962481495
2019-04-22,14846.183348909915
2019-04-23,15056.304660955126
2019-04-24,15033.512382247105
2019-04-25,14899.604076727213
2019-04-26,14829.801296696576
2019-04-29,14851.881690298793
2019-04-30,14571.244626269656
2019-05-01,15272.837286342503
2019-05-02,15175.254684473277
2019-05-03,15360.446975645573
2019-05-06,15127.532298044856
2019-05-07,14727.233325391764
2019-05-08,14730.081952662456
2019-05-09,14574.80622549364
2019-05-10,14322.659781561397
2019-05-13,13506.391669147672
2019-05-14,13495.808951669871
2019-05-15,13495.808951669871
2019-05-16,13495.808951669871
2019-05-17,13495.808951669871
2019-05-20,13495.808951669871
2019-05-21,13495.808951669871
2019-05-22,13495.808951669871
2019-05-23,13495.808951669871
2019-05-24,13495.808951669871
2019-05-28,13495.808951669871
2019-05-29,13495.808951669871
2019-05-30,13495.808951669871
2019-05-31,13495.808951669871
2019-06-03,13495.808951669871
2019-06-04,13495.808951669871
2019-06-05,13495.808951669871
2019-06-06,13495.808951669871
2019-06-07,13495.808951669871
2019-06-10,13653.960340902757
2019-06-11,13808.786623699783
2019-06-12,13765.741007889397
2019-06-13,13762.963256248946
2019-06-14,13665.069228660872
2019-06-17,13744.912108193394
2019-06-18,14061.507993486728
2019-06-19,14021.23906991495
2019-06-20,14131.631920483209
2019-06-21,14084.419677212147
2019-06-24,14070.534097215426
2019-06-25,13861.553310849902
2019-06-26,14155.237512417818
2019-06-27,14151.071944358986
2019-06-28,14024.710729764589
2019-07-01,14276.738191342345
2019-07-02,14358.663854904285
2019-07-03,14475.305057560792
2019-07-05,14462.80729398245
2019-07-08,14170.511968234763
2019-07-09,14255.215383437153
2019-07-10,14393.378334597008
2019-07-11,14290.623771339066
2019-07-12,14398.238870266874
2019-07-15,14530.848436949518
2019-07-16,14481.553409649037
2019-07-17,14401.710530116514
2019-07-18,14562.091256792599
2019-07-19,14348.943842966395
2019-07-22,14670.400263929598
2019-07-23,14782.874839125427
2019-07-24,14771.072043158125
2019-07-25,14656.514683932875
2019-07-26,14706.503619442545
2019-07-29,14841.194910752758
2019-07-30,14778.709271066595
2019-07-31,15074.476256663926
2019-08-01,14754.40871152095
2019-08-02,14448.227805776542
2019-08-05,13706.72596865103
2019-08-06,13960.836214258203
2019-08-07,14102.470825267697
2019-08-08,14407.263914593726
2019-08-09,14237.85814359079
2019-08-12,14202.448696287034
2019-08-13,14791.900942854125
2019-08-14,14360.05273072451
2019-08-15,14289.929863129875
2019-08-16,14620.41132841993
2019-08-19,14887.713245814632
2019-08-20,14888.407154023818
2019-08-21,15046.705096670486
2019-08-22,15034.208392493993
2019-08-23,14352.415502816038
2019-08-26,14619.717420210738
2019-08-27,14457.94781771443
2019-08-28,14553.0651530639
2019-08-29,14794.677635092732
2019-08-30,14775.93257882799
2019-09-03,14564.867949031202
2019-09-04,14807.17539867107
2019-09-05,15091.139588301097
2019-09-06,15089.750712480873
2019-09-09,15152.93131977807
2019-09-10,15328.5865022711
2019-09-11,15806.95199006074
2019-09-12,15772.237510368019
2019-09-13,15470.91608089163
2019-09-16,15550.758960424153
2019-09-17,15606.302339812877
2019-09-18,15750.020794253636
2019-09-19,15624.354547270277
2019-09-20,15400.098245685958
2019-09-23,15468.833296862213
2019-09-24,15396.626585836319
2019-09-25,15629.214023538298
2019-09-26,15550.06505221496
2019-09-27,15475.776616561498
2019-09-30,15833.3353336358
2019-10-01,15876.380949446186
2019-10-02,15485.496628499384
2019-10-03,15614.634535332387
2019-10-04,16044.398904030739
2019-10-07,16047.870563880384
2019-10-08,15863.189277658656
2019-10-09,16045.787779850967
2019-10-10,16258.240226066131
2019-10-11,16683.14617789831
2019-10-14,16659.539526561854
2019-10-15,16621.354446421337
2019-10-16,16555.39608748369
2019-10-17,16618.576694780884
2019-10-18,16697.03175789503
2019-10-21,16981.689855734247
2019-10-22,16943.50477559373
2019-10-23,17167.06505016516
2019-10-24,17194.83726956045
2019-10-25,17403.124147716782
2019-10-28,17574.61376215098
2019-10-29,17174.702278073637
2019-10-30,17172.61949404422
2019-10-31,17554.47877066417
2019-11-01,18044.648113822957
2019-11-04,18161.28825707762
2019-11-05,18135.599881113598
2019-11-06,18143.236049620224
2019-11-07,18295.285640178645
2019-11-08,18344.58172688097
2019-11-11,18487.60521371069
2019-11-12,18470.940822671673
2019-11-13,18645.20818874632
2019-11-14,18518.154125344583
2019-11-15,18734.772139618577
2019-11-18,18827.806690938633
2019-11-19,18771.569403340716
2019-11-20,18556.3392054851
2019-11-21,18474.41354192316
2019-11-22,18458.44411849518
2019-11-25,18777.122787817927
2019-11-26,18632.711484569827
2019-11-27,18879.183442866677
2019-11-29,18838.220611085708
2019-12-02,18623.68538084113
2019-12-03,18296.675575400717
2019-12-04,18455.666366854726
2019-12-05,18722.27331663839
2019-12-06,19078.444217294316
2019-12-09,18815.30998676214
2019-12-10,18923.618993899134
2019-12-11,19082.609785353146
2019-12-12,19130.5159368334
2019-12-13,19386.708966469985
2019-12-16,19713.718771910397
2019-12-17,19751.90597085461
2019-12-18,19705.387635792733
2019-12-19,19724.827659668514
2019-12-20,19684.55979549858
2019-12-23,20001.15568079191
2019-12-24,20019.900737056654
2019-12-26,20411.481085016338
2019-12-27,20403.842797706016
2019-12-30,20523.26069260113
2019-12-31,20507.068749019312
2020-01-02,20507.068749019312
2020-01-03,20294.821387410364
2020-01-06,20453.9918003402
2020-01-07,20359.29708725516
2020-01-08,20681.667388157584
2020-01-09,21114.182139109584
2020-01-10,21161.19336446848
2020-01-13,21606.468802915988
2020-01-14,21319.021302244197
2020-01-15,21229.026276988774
2020-01-16,21490.952402669544
2020-01-17,21725.34446541831
2020-01-21,21580.277215138103
2020-01-22,21656.1690777439
2020-01-23,21758.924790494828
2020-01-24,21697.136090538665
2020-01-27,21068.513388904812
2020-01-28,21655.496815376642
2020-01-29,22102.11472897827
2020-01-30,22070.54914142313
2020-01-31,21106.12318902408
2020-02-03,21049.03622647792
2020-02-04,21733.403415503813
2020-02-05,21908.02151581779
2020-02-06,22160.54416667855
2020-02-07,21812.652490785105
2020-02-10,21914.735941168783
2020-02-11,21784.44411590546
2020-02-12,22294.19525419776
2020-02-13,22137.709791576166
2020-02-14,22143.083791353427
2020-02-18,21743.47710311069
2020-02-19,22053.758978884867
2020-02-20,21830.785128477484
2020-02-21,21343.87041486796
2020-02-24,20345.191875025143
2020-02-25,19666.868898563378
2020-02-26,19973.793561662056
2020-02-27,18689.009996301575
2020-02-28,18678.26404632744
2020-03-02,20387.50341255442
2020-03-03,19750.14949846781
2020-03-04,20651.444275756567
2020-03-05,19991.928248934826
2020-03-06,19730.67233604092
2020-03-09,18195.380857341053
2020-03-10,18181.079936418613
2020-03-11,17546.965672803726
2020-03-12,15845.699440262038
2020-03-13,15833.278694467432
2020-03-16,13822.520417281252
2020-03-17,13811.692319655802
2020-03-18,13811.692319655802
2020-03-19,13811.692319655802
2020-03-20,13811.692319655802
2020-03-23,13811.692319655802
2020-03-24,13811.692319655802
2020-03-25,13811.692319655802
2020-03-26,13811.692319655802
2020-03-27,13811.692319655802
2020-03-30,13811.692319655802
2020-03-31,13811.692319655802
2020-04-01,13811.692319655802
2020-04-02,13811.692319655802
2020-04-03,13811.692319655802
2020-04-06,13811.692319655802
2020-04-07,13811.692319655802
2020-04-08,13811.692319655802
2020-04-09,13811.692319655802
2020-04-13,13811.692319655802
2020-04-14,13811.692319655802
2020-04-15,13677.285694623508
2020-04-16,13783.8818985889
2020-04-17,13600.404463579438
2020-04-20,13323.538758702925
2020-04-21,13313.089357489742
2020-04-22,13313.089357489742
2020-04-23,13313.089357489742
2020-04-24,13313.089357489742
2020-04-27,13311.87290818617
2020-04-28,13100.084916545049
2020-04-29,13089.80177045892
2020-04-30,13350.273315897533
2020-05-01,13139.302590524703
2020-05-04,13321.728184008187
2020-05-05,13517.980559701959
2020-05-06,13654.911711187558
2020-05-07,13793.625997610694
2020-05-08,14078.639019214172
2020-05-11,14296.301264703734
2020-05-12,14135.730644164572
2020-05-13,13968.023400360145
2020-05-14,14052.323486582596
2020-05-15,13970.699463938157
2020-05-18,14294.070304274255
2020-05-19,14212.89410712176
2020-05-20,14484.525449663479
2020-05-21,14378.370390496704
2020-05-22,14469.360635664181
2020-05-26,14373.018263340684
2020-05-27,14434.56908680663
2020-05-28,14440.814142603127
2020-05-29,14426.987360392839
2020-06-01,14601.384763142289
2020-06-02,14667.842610615728
2020-06-03,14747.235672830688
2020-06-04,14622.348168617844
2020-06-05,15031.802230113928
2020-06-08,15119.223483062919
2020-06-09,15588.891697407653
2020-06-10,15983.62740922468
2020-06-11,15228.054605807702
2020-06-12,15357.402669707799
2020-06-15,15544.288822878536
2020-06-16,15949.728789007604
2020-06-17,15927.873816063284
2020-06-18,15934.118871859779
2020-06-19,15844.466658481308
2020-06-22,16252.582688188388
2020-06-23,16594.24087042203
2020-06-24,16305.660217771772
2020-06-25,16518.861903574085
2020-06-26,16018.86406123076
2020-06-29,16382.377216408722
2020-06-30,16517.07740746484
2020-07-01,16486.301315146015
2020-07-02,16486.301315146015
2020-07-06,16920.734238656376
2020-07-07,16868.994740861992
2020-07-08,17256.14736509352
2020-07-09,17329.29673268369
2020-07-10,17359.179896362042
2020-07-13,17280.233298467323
2020-07-14,17562.12379217255
2020-07-15,17681.212704909136
2020-07-16,17466.67298731782
2020-07-17,17431.882799631978
2020-07-20,17794.057923020933
2020-07-21,17551.86464100904
2020-07-22,17600.48161090517
2020-07-23,16810.565084122587
2020-07-24,16769.529840640247
2020-07-27,17161.143024559027
2020-07-28,16883.267987392523
2020-07-29,17202.178268041367
2020-07-30,17407.351763109647
2020-07-31,19203.955494695612
2020-08-03,19681.651899774377
2020-08-04,19811.44642799471
2020-08-05,19882.3648351554
2020-08-06,20567.46433456022
2020-08-07,20069.697452646375
2020-08-10,20357.831640976394
2020-08-11,19759.706930200333
2020-08-12,20408.23310698177
2020-08-13,20765.056103214705
2020-08-14,20746.768761317162
2020-08-17,20693.244767413536
2020-08-18,20863.628074795975
2020-08-19,20889.49714310731
2020-08-20,21347.56953567124
2020-08-21,22434.98783447858
2020-08-24,22700.374121223806
2020-08-25,22516.16403163108
2020-08-26,22819.017930811864
2020-08-27,22549.171084379388
2020-08-28,22513.042864904535
2020-08-31,23268.16784282957
2020-09-01,24185.20283425448
2020-09-02,23689.219087278172
2020-09-03,21812.33072600848
2020-09-04,21826.60397253901
2020-09-08,20374.334486764692
2020-09-09,21177.186228288803
2020-09-10,20493.869863821517
2020-09-11,20228.037112756057
2020-09-14,20827.49985532113
2020-09-15,20859.61397942896
2020-09-16,20251.230117489384
2020-09-17,19931.873372520302
2020-09-18,19307.433129112665
2020-09-21,19885.48736305365
2020-09-22,20194.138492538983
2020-09-23,19357.389491969512
2020-09-24,19553.641867663282
2020-09-25,20277.992114441196
2020-09-28,20756.134983840202
2020-09-29,20600.916490457057
2020-09-30,20907.784485004857
2020-10-01,21082.628352074546
2020-10-02,20410.016241919304
2020-10-05,21030.88885428016
2020-10-06,20434.995103933583
2020-10-07,20777.54485363599
2020-10-08,20757.919479949443
2020-10-09,21114.74247618238
2020-10-12,22440.339961634603
2020-10-13,21851.581473381575
2020-10-14,21867.639216021344
2020-10-15,21782.001098009892
2020-10-16,21480.485230618113
2020-10-19,20938.115474175152
2020-10-20,21211.084848505878
2020-10-21,21096.901598605076
2020-10-22,20897.080230692813
2020-10-23,20770.408230370726
2020-10-26,20772.19272647997
2020-10-27,21048.72973185747
2020-10-28,20085.3073697942
2020-10-29,20820.363232055865
2020-10-30,19667.825117564083
2020-11-02,19651.767374924315
2020-11-03,19949.715611269316
2020-11-04,20754.350487730957
2020-11-05,21482.269726727358
2020-11-06,21421.610470730175
2020-11-09,20998.774730172332
2020-11-10,20936.33097806591
2020-11-11,21564.338852520323
2020-11-12,21514.38385083519
2020-11-13,21523.304970209694
2020-11-16,21708.853091591427
2020-11-17,21546.49797494302
2020-11-18,21303.858228610887
2020-11-19,21412.689351355668
2020-11-20,21180.75385933558
2020-11-23,20558.098112037183
2020-11-24,20793.601235104055
2020-11-25,20947.03523237795
2020-11-27,21046.945235748226
2020-11-30,21485.83871894584
2020-12-01,22140.60859035207
2020-12-02,22204.836838567735
2020-12-03,22179.859337725164
2020-12-04,22056.75496844986
2020-12-07,22324.372215624557
2020-12-08,22436.77096941612
2020-12-09,21972.901346547646
2020-12-10,22233.38197045708
2020-12-11,22085.301461510913
2020-12-14,21972.901346547646
2020-12-15,23061.211212823757
2020-12-16,23048.722462402475
2020-12-17,23207.50858683239
2020-12-18,22843.550328505902
2020-12-21,23123.65496493018
2020-12-22,23774.858566461335
2020-12-23,23610.720314875398
2020-12-24,23790.9149479294
2020-12-28,24633.0174368266
2020-12-29,24308.307203529792
2020-12-30,24103.13506963322
2020-12-31,24084.04932103648
2021-01-04,24084.04932103648
2021-01-05,24357.96004619238
2021-01-06,23550.759775315535
2021-01-07,24341.487226764802
2021-01-08,24548.321936077886
2021-01-11,23986.391556703435
2021-01-12,23953.445917848283
2021-01-13,24335.996286955615
2021-01-14,23973.58029479867
2021-01-15,23649.600881306073
2021-01-19,23775.898082817595
2021-01-20,24544.660378555072
2021-01-21,25430.56737847206
2021-01-22,25833.254917479837
2021-01-25,26537.952524843335
2021-01-26,26581.882836266923
2021-01-27,26380.539066763034
2021-01-28,25470.836132372842
2021-01-29,24531.849116650308
2021-02-01,24930.872305185214
2021-02-02,25086.456380979133
2021-02-03,24894.265108807245
2021-02-04,25525.748323414813
2021-02-05,25410.433001521673
2021-02-08,25437.890493517687
2021-02-09,25273.153920391767
2021-02-10,25159.670773735063
2021-02-11,25112.08169773871
2021-02-12,25156.009216212246
2021-02-16,24756.986027677343
2021-02-17,24326.843789623606
2021-02-18,24120.01187326058
2021-02-19,24149.295954592922
2021-02-22,23440.936789706615
2021-02-23,23415.311472947033
2021-02-24,23321.96130676569
2021-02-25,22523.91213674582
2021-02-26,22506.19544796433
2021-03-01,22506.19544796433
2021-03-02,22025.47644538668
2021-03-03,21494.855771121696
2021-03-04,21477.923104874055
2021-03-05,21477.923104874055
2021-03-08,21477.923104874055
2021-03-09,21477.923104874055
2021-03-10,21477.923104874055
2021-03-11,21477.923104874055
2021-03-12,21477.923104874055
2021-03-15,21477.923104874055
2021-03-16,21731.136773910282
2021-03-17,21592.629823737538
2021-03-18,20869.31299645411
2021-03-19,20852.82480598181
2021-03-22,20852.82480598181
2021-03-23,20695.16815609715
2021-03-24,20678.87720406646
2021-03-25,20678.87720406646
2021-03-26,20678.87720406646
2021-03-29,20678.87720406646
2021-03-30,20678.87720406646
2021-03-31,20678.87720406646
2021-04-01,20678.87720406646
2021-04-05,21144.447178423856
2021-04-06,21195.962554208807
2021-04-07,21476.807059054157
2021-04-08,21885.609560087152
2021-04-09,22324.324501090967
2021-04-12,22031.848718989975
2021-04-13,22561.9605986034
2021-04-14,22163.129756128896
2021-04-15,22573.594411563692
2021-04-16,22517.09384042566
2021-04-19,22630.09498270173
2021-04-20,22342.60439595382
2021-04-21,22407.414471248543
2021-04-22,22148.17417006965
2021-04-23,22543.6832394452
2021-04-26,22610.1542012894
2021-04-27,22555.31451670084
2021-04-28,22420.709170758313
2021-04-29,22404.090162444936
2021-04-30,22068.408508715682
2021-05-03,22247.880612835947
2021-05-04,21468.49755489747
2021-05-05,21510.043807828584
2021-05-06,21782.57880851725
2021-05-07,21860.68358332174
2021-05-10,21302.317614582316
2021-05-11,21146.109332825657
2021-05-12,21129.37035931074
2021-05-13,21129.37035931074
2021-05-14,21129.37035931074
2021-05-17,20919.42175223181
2021-05-18,20902.878207253376
2021-05-19,20902.878207253376
2021-05-20,20902.878207253376
2021-05-21,20583.08145340767
2021-05-24,20566.889631406306
2021-05-25,20518.936655097143
2021-05-26,20502.79957116843
2021-05-27,20502.79957116843
2021-05-28,20502.79957116843
2021-06-01,20502.79957116843
2021-06-02,20502.79957116843
2021-06-03,20502.79957116843
2021-06-04,20502.79957116843
2021-06-07,20502.79957116843
2021-06-08,20502.79957116843
2021-06-09,20502.79957116843
2021-06-10,20502.79957116843
2021-06-11,20502.79957116843
2021-06-14,20502.79957116843
2021-06-15,20357.23475482759
2021-06-16,20435.844245106593
2021-06-17,20688.630332701876
2021-06-18,20483.628974604202
2021-06-21,20767.24217493882
2021-06-22,21026.19274429879
2021-06-23,20983.03431607213
2021-06-24,20938.33535539378
2021-06-25,20892.093510305804
2021-06-28,21149.503547214088
2021-06-29,21388.41778687036
2021-06-30,21485.52542635932
2021-07-01,21533.307803898984
2021-07-02,21947.93917332322
2021-07-06,22265.462903258493
2021-07-07,22658.5150585694
2021-07-08,22453.51134851378
2021-07-09,22741.748498161403
2021-07-12,22647.72427553376
2021-07-13,22823.441405301724
2021-07-14,23364.46464254463
2021-07-15,23261.192521290977
2021-07-16,22939.0448420427
2021-07-19,22331.741078050174
2021-07-20,22902.05089558073
2021-07-21,22786.447458839753
2021-07-22,23002.241951931006
2021-07-23,23273.523836778302
2021-07-26,23339.80436352792
2021-07-27,22997.618002618
2021-07-28,22721.70981649976
2021-07-29,22823.441405301724
2021-07-30,22857.35193490238
2021-08-02,22804.94560804971
2021-08-03,23088.558808384332
2021-08-04,23025.361698496024
2021-08-05,23042.316963296355
2021-08-06,22900.51036312904
2021-08-09,22892.80299695472
2021-08-10,22817.276923537032
2021-08-11,22857.35193490238
2021-08-12,23324.38963117928
2021-08-13,23356.75962832825
2021-08-16,23668.116524540892
2021-08-17,23524.769391921895
2021-08-18,22934.420892729697
2021-08-19,22986.827219582367
2021-08-20,23216.493560612627
2021-08-23,23450.783850955893
2021-08-24,23436.909651058944
2021-08-25,23242.696724038964
2021-08-26,23116.302504262352
2021-08-27,23279.690670500935
2021-08-30,23976.39235585016
2021-08-31,23777.555479517177
2021-09-01,23882.368133222517
2021-09-02,24058.08526299048
2021-09-03,24158.276319340755
2021-09-07,24526.665843677012
2021-09-08,24283.127654707736
2021-09-09,24122.825257288416
2021-09-10,23336.720946666606
2021-09-13,23426.121219981247
2021-09-14,23205.702777576993
2021-09-15,23345.968845292613
2021-09-16,23308.974898830642
2021-09-17,22888.17904764172
2021-09-20,22407.269503425803
2021-09-21,22482.79557684349
2021-09-22,22855.811402450694
2021-09-23,23006.865901244008
2021-09-24,23020.737749183023
2021-09-27,22781.823509526752
2021-09-28,22248.507638458166
2021-09-29,22390.314238625477
2021-09-30,22185.31052856986
2021-10-01,22362.568190789512
2021-10-04,21821.544953546607
2021-10-05,22125.19683554287
2021-10-06,22262.379486397178
2021-10-07,22461.21636273016
2021-10-08,22401.10266970317
2021-10-11,22387.230821764162
2021-10-12,22186.85106102155
2021-10-13,22094.36972280353
2021-10-14,22533.66137124447
2021-10-15,22700.130602386427
2021-10-18,22963.707473017348
2021-10-19,23304.35094951764
2021-10-20,23381.419907344956
2021-10-21,23415.330436945613
2021-10-22,23293.562518439943
2021-10-25,23285.855152265627
2021-10-26,23390.670157928907
2021-10-27,23318.225149414593
2021-10-28,23891.618383806464
2021-10-29,23464.655698894905
2021-11-01,23335.18041421492
2021-11-02,23498.56622849556
2021-11-03,23725.149152664508
2021-11-04,23643.456245524187
2021-11-05,23692.779155515538
2021-11-08,23563.303870835553
2021-11-09,23620.334147001227
2021-11-10,23174.875664837655
2021-11-11,23167.168298663335
2021-11-12,23493.942279182556
2021-11-15,23495.482811634243
2021-11-16,23649.62072728888
2021-11-17,24033.424983973775
2021-11-18,24708.54745520967
2021-11-19,25121.63829218222
2021-11-22,25194.083300696526
2021-11-23,25254.19699372352
2021-11-24,25335.88990086384
2021-11-26,24545.161640929025
2021-11-29,25073.85591464255
2021-11-30,25853.793391541727
2021-12-01,25772.100484401402
2021-12-02,25616.419684337143
2021-12-03,25320.475168515197
2021-12-06,25856.87680840304
2021-12-07,26760.12273625957
2021-12-08,27361.262018487407
2021-12-09,27281.109643798773
2021-12-10,28034.843957271616
2021-12-13,27462.99360728937
2021-12-14,27245.658581746433
2021-12-15,28011.72421070659
2021-12-16,26926.591967401528
2021-12-17,26753.958254494875
2021-12-20,26539.706645813254
2021-12-21,27039.114339239124
2021-12-22,27447.578874940733
2021-12-23,27546.227046881377
2021-12-27,28170.486075674235
2021-12-28,28010.181326296966
2021-12-29,28024.055526193915
2021-12-30,27842.171562703323
2021-12-31,27820.197661823906
2022-01-03,27820.197661823906
2022-01-04,27451.29432957851
2022-01-05,26733.199570916608
2022-01-06,26294.530969262607
2022-01-07,26320.069635638523
2022-01-10,26323.07485883382
2022-01-11,26757.236771851698
2022-01-12,26824.839393707203
2022-01-13,26323.07485883382
2022-01-14,26455.277171663176
2022-01-18,25964.027479502867
2022-01-19,25427.70860866767
2022-01-20,25169.31442939956
2022-01-21,24853.834763302668
2022-01-24,24735.152516381684
2022-01-25,24458.73158256908
2022-01-26,24445.211516660707
2022-01-27,24374.603671609904
2022-01-28,26043.648701825914
2022-01-31,26712.167593176815
2022-02-01,26686.6289268009
2022-02-02,26871.41003782291
2022-02-03,26429.73621297361
2022-02-04,26353.12021384586
2022-02-07,26243.453636510774
2022-02-08,26719.679505008236
2022-02-09,26937.511194237588
2022-02-10,26312.5577238071
2022-02-11,25789.761211193927
2022-02-14,25825.817012596563
2022-02-15,26413.210923869938
2022-02-16,26377.15741478095
2022-02-17,25825.817012596563
2022-02-18,25588.454811068244
2022-02-22,25140.772832141996
2022-02-23,24502.29929580314
2022-02-24,24903.41063061368
2022-02-25,25220.394054465043
2022-02-28,25260.954252190157
2022-03-01,24972.514717910002
2022-03-02,25477.284475978682
2022-03-03,25427.70860866767
2022-03-04,24968.008029273882
2022-03-07,24386.622272077453
2022-03-08,24107.196115069546
2022-03-09,24934.95745106654
2022-03-10,24269.44378291094
2022-03-11,23700.07433386841
2022-03-14,23681.478379506083
2022-03-15,23681.478379506083
2022-03-16,23681.478379506083
2022-03-17,23814.523799522718
2022-03-18,24309.945969479013
2022-03-21,24516.373186047786
2022-03-22,25023.591389796304
2022-03-23,25228.542695976423
2022-03-24,25797.688389736555
2022-03-25,25893.528070736178
2022-03-28,26023.282192587212
2022-03-29,26518.704362543507
2022-03-30,26343.24201591224
2022-03-31,25877.3088055048
2022-04-01,25833.07424124982
2022-04-04,26442.03126782577
2022-04-05,25943.659526955566
2022-04-06,25467.406193144554
2022-04-07,25513.11441792479
2022-04-08,25210.847520356394
2022-04-11,24570.927873706336
2022-04-12,24852.552274604193
2022-04-13,25256.555745136626
2022-04-14,24503.101241866912
2022-04-18,24470.66496126755
2022-04-19,24814.214602313627
2022-04-20,24789.148874203933
2022-04-21,24669.717125619864
2022-04-22,23987.03657524008
2022-04-25,24147.75556702862
2022-04-26,23251.2772475904
2022-04-27,23232.781489578516
2022-04-28,23232.781489578516
2022-04-29,22381.355816988733
2022-05-02,22363.81240102239
2022-05-03,22363.81240102239
2022-05-04,22363.81240102239
2022-05-05,21110.85978099225
2022-05-06,21094.11211056804
2022-05-09,21094.11211056804
2022-05-10,21094.11211056804
2022-05-11,21094.11211056804
2022-05-12,21094.11211056804
2022-05-13,21094.11211056804
2022-05-16,21094.11211056804
2022-05-17,21094.11211056804
2022-05-18,21094.11211056804
2022-05-19,21094.11211056804
2022-05-20,21094.11211056804
2022-05-23,21094.11211056804
2022-05-24,21094.11211056804
2022-05-25,21094.11211056804
2022-05-26,21094.11211056804
2022-05-27,21094.11211056804
2022-05-31,21094.11211056804
2022-06-01,21094.11211056804
2022-06-02,21094.11211056804
2022-06-03,21094.11211056804
2022-06-06,21094.11211056804
2022-06-07,21094.11211056804
2022-06-08,21094.11211056804
2022-06-09,21094.11211056804
2022-06-10,21094.11211056804
2022-06-13,21094.11211056804
2022-06-14,21094.11211056804
2022-06-15,21094.11211056804
2022-06-16,21094.11211056804
2022-06-17,21094.11211056804
2022-06-21,21094.11211056804
2022-06-22,21094.11211056804
2022-06-23,21094.11211056804
2022-06-24,21094.11211056804
2022-06-27,21094.11211056804
2022-06-28,21094.11211056804
2022-06-29,21094.11211056804
2022-06-30,21094.11211056804
2022-07-01,21094.11211056804
2022-07-05,21094.11211056804
2022-07-06,21094.11211056804
2022-07-07,21094.11211056804
2022-07-08,21094.11211056804
2022-07-11,21094.11211056804
2022-07-12,21094.11211056804
2022-07-13,21094.11211056804
2022-07-14,21094.11211056804
2022-07-15,21094.11211056804
2022-07-18,21094.11211056804
2022-07-19,21094.11211056804
2022-07-20,21094.11211056804
2022-07-21,21094.11211056804
2022-07-22,21094.11211056804
2022-07-25,21094.11211056804
2022-07-26,21094.11211056804
2022-07-27,21094.11211056804
2022-07-28,21094.11211056804
2022-07-29,21094.11211056804
2022-08-01,20949.50169990099
2022-08-02,20757.542336034403
2022-08-03,20741.160780430226
2022-08-04,20685.72041667467
2022-08-05,20629.41338258137
2022-08-08,20570.65578029559
2022-08-09,20576.776597343414
2022-08-10,21105.583811048702
2022-08-11,21013.777158764686
2022-08-12,21455.67325313754
2022-08-15,21589.09847284898
2022-08-16,21569.512605420387
2022-08-17,21755.57461036978
2022-08-18,21706.609941798295
2022-08-19,21384.67588456723
2022-08-22,20901.161222766954
2022-08-23,20859.54078752841
2022-08-24,20896.263822004246
2022-08-25,21202.28599628431
2022-08-26,20417.64469315556
2022-08-29,20143.45002039974
2022-08-30,19841.09996278615
2022-08-31,19825.53836763878
2022-09-01,19825.53836763878
2022-09-02,19825.53836763878
2022-09-06,19825.53836763878
2022-09-07,19825.53836763878
2022-09-08,19825.53836763878
2022-09-09,19825.53836763878
2022-09-12,19825.53836763878
2022-09-13,18662.676822576374
2022-09-14,18647.95410725031
2022-09-15,18647.95410725031
2022-09-16,18647.95410725031
2022-09-19,18647.95410725031
2022-09-20,18647.95410725031
2022-09-21,18647.95410725031
2022-09-22,18647.95410725031
2022-09-23,18647.95410725031
2022-09-26,18647.95410725031
2022-09-27,18647.95410725031
2022-09-28,18647.95410725031
2022-09-29,18647.95410725031
2022-09-30,18647.95410725031
2022-10-03,18647.95410725031
2022-10-04,18647.95410725031
2022-10-05,18647.95410725031
2022-10-06,18647.95410725031
2022-10-07,18647.95410725031
2022-10-10,18647.95410725031
2022-10-11,18647.95410725031
2022-10-12,18647.95410725031
2022-10-13,18647.95410725031
2022-10-14,18647.95410725031
2022-10-17,18647.95410725031
2022-10-18,18647.95410725031
2022-10-19,18647.95410725031
2022-10-20,18647.95410725031
2022-10-21,18647.95410725031
2022-10-24,18647.95410725031
2022-10-25,18647.95410725031
2022-10-26,18647.95410725031
2022-10-27,18647.95410725031
2022-10-28,18647.95410725031
2022-10-31,18352.967513477528
2022-11-01,18338.63392481205
2022-11-02,18338.63392481205
2022-11-03,18338.63392481205
2022-11-04,18338.63392481205
2022-11-07,18338.63392481205
2022-11-08,18338.63392481205
2022-11-09,18338.63392481205
2022-11-10,18338.63392481205
2022-11-11,18338.63392481205
2022-11-14,18338.63392481205
2022-11-15,18338.63392481205
2022-11-16,18338.63392481205
2022-11-17,18338.63392481205
2022-11-18,18338.63392481205
2022-11-21,18338.63392481205
2022-11-22,18338.63392481205
2022-11-23,18338.63392481205
2022-11-25,18338.63392481205
2022-11-28,18338.63392481205
2022-11-29,18338.63392481205
2022-11-30,18338.63392481205
2022-12-01,18338.63392481205
2022-12-02,18338.63392481205
2022-12-05,18338.63392481205
2022-12-06,18338.63392481205
2022-12-07,18338.63392481205
2022-12-08,18338.63392481205
2022-12-09,18338.63392481205
2022-12-12,18338.63392481205
2022-12-13,18338.63392481205
2022-12-14,18338.63392481205
2022-12-15,18338.63392481205
2022-12-16,18338.63392481205
2022-12-19,18338.63392481205
2022-12-20,18338.63392481205
2022-12-21,18338.63392481205
2022-12-22,18338.63392481205
2022-12-23,18338.63392481205
2022-12-27,18338.63392481205
2022-12-28,18338.63392481205
2022-12-29,18338.63392481205
2022-12-30,18338.63392481205
2023-01-03,18338.63392481205
2023-01-04,18338.63392481205
2023-01-05,18338.63392481205
2023-01-06,18338.63392481205
2023-01-09,18338.63392481205
2023-01-10,18338.63392481205
2023-01-11,18338.63392481205
2023-01-12,18338.63392481205
2023-01-13,18338.63392481205
2023-01-17,18338.63392481205
2023-01-18,18338.63392481205
2023-01-19,18338.63392481205
2023-01-20,18338.63392481205
2023-01-23,18338.63392481205
2023-01-24,18338.63392481205
2023-01-25,18338.63392481205
2023-01-26,18338.63392481205
2023-01-27,18338.63392481205
2023-01-30,18338.63392481205
2023-01-31,18338.63392481205
2023-02-01,18338.63392481205
2023-02-02,18338.63392481205
2023-02-03,18762.91084414362
2023-02-06,18432.72323104525
2023-02-07,18780.79028467441
2023-02-08,18455.37173496075
2023-02-09,18330.210194650957
2023-02-10,18346.89827876795
2023-02-13,18685.43084335719
2023-02-14,18607.94902370601
2023-02-15,18861.84799243175
2023-02-16,18668.742759240202
2023-02-17,18530.469022919577
2023-02-21,18045.319589383595
2023-02-22,18096.577017013115
2023-02-23,18154.984401990198
2023-02-24,17834.334915661253
2023-02-27,17978.567252915636
2023-02-28,17917.775336246195
2023-03-01,17667.452255626613
2023-03-02,17738.97365547928
2023-03-03,18349.282810460303
2023-03-06,18683.04631166483
2023-03-07,18417.228322206814
2023-03-08,18568.612435673513
2023-03-09,18296.834026416982
2023-03-10,18047.70412107595
2023-03-13,18282.53047399235
2023-03-14,18535.236267439537
2023-03-15,18582.917806962898
2023-03-16,18923.83308437975
2023-03-17,18822.511404399258
2023-03-20,19108.593366080422
2023-03-21,19332.69205467835
2023-03-22,19159.850793709946
2023-03-23,19290.9709349535
2023-03-24,19448.317287083468
2023-03-27,19213.490934167072
2023-03-28,19138.393646208246
2023-03-29,19510.302379031466
2023-03-30,19699.83172411686
2023-03-31,20002.60176991501
2023-04-03,20153.987702246468
2023-04-04,20089.619897470868
2023-04-05,19866.712565286747
2023-04-06,19973.994665065748
2023-04-10,19660.495136084366
2023-04-11,19513.878267137625
2023-04-12,19430.437846552682
2023-04-13,20081.274945979996
2023-04-14,20039.555645119905
2023-04-17,20041.938357947507
2023-04-18,20189.748402172798
2023-04-19,20328.022138493427
2023-04-20,20211.203730809753
2023-04-21,20016.907141204396
2023-04-24,20053.859197544534
2023-04-25,19867.9057405653
2023-04-26,19866.712565286747
2023-04-27,20420.99886698304
2023-04-28,20572.382980449744
2023-05-01,20561.65531613127
2023-05-02,20436.493775821476
2023-05-03,20306.564990991723
2023-05-04,20108.69069441546
2023-05-05,21036.077085348777
2023-05-08,21027.732133857906
2023-05-09,20821.51470465553
2023-05-10,21034.883910070224
2023-05-11,21057.532413985726
2023-05-12,20916.8759648375
2023-05-15,20857.275404581862
2023-05-16,20857.275404581862
2023-05-17,20931.179517262135
2023-05-18,21212.49423442334
2023-05-19,21225.60643043417
2023-05-22,21111.172554442852
2023-05-23,20796.48166904767
2023-05-24,20829.857837281645
2023-05-25,20966.94021718847
2023-05-26,21257.789423389593
2023-05-30,21480.696755573714
2023-05-31,21474.7363357752
2023-06-01,21813.267081499693
2023-06-02,21915.78011789398
2023-06-05,21752.475164830248
2023-06-06,21708.3713322778
2023-06-07,21542.68184752171
2023-06-08,21870.484928927726
2023-06-09,21916.973293172534
2023-06-12,22254.310863618473
2023-06-13,22197.094835055188
2023-06-14,22273.383479427815
2023-06-15,22518.93749666269
2023-06-16,22389.008711832936
2023-06-20,22399.736376151406
2023-06-21,22274.576654706372
2023-06-22,22636.947260760164
2023-06-23,22598.802029141472
2023-06-26,22430.729831557786
2023-06-27,22763.300157483758
2023-06-28,22905.149781910543
2023-06-29,22945.677726356837
2023-06-30,23467.779216232957
2023-07-03,23287.786179052237
2023-07-05,23153.08833083777
2023-07-06,23210.304359401052
2023-07-07,23075.606511186586
2023-07-10,22828.861137537915
2023-07-11,22765.684689176116
2023-07-12,22967.134873858537
2023-07-13,23058.9184270696
2023-07-14,23076.799686465143
2023-07-17,23470.16374792531
2023-07-18,23439.17029251894
2023-07-19,23602.477064447423
2023-07-20,23367.65071153102
2023-07-21,23225.801087104242
2023-07-24,23322.353703700017
2023-07-25,23426.058096508106
2023-07-26,23530.955664594752
2023-07-27,23378.378375849494
2023-07-28,23689.493373138524
2023-07-31,23763.397485818794
2023-08-01,23663.26898111686
2023-08-02,23302.089731476866
2023-08-03,23134.015715028425
2023-08-04,22039.750301789973
2023-08-07,21665.45885613915
2023-08-08,21778.699556851912
2023-08-09,21586.785680074165
2023-08-10,21560.5612880525
2023-08-11,21539.1041405508
2023-08-14,21738.17161240562
2023-08-15,21498.576196104506
2023-08-16,21393.680446882612
2023-08-17,21087.33269411355
2023-08-18,21145.741897955384
2023-08-21,21306.66231932676
2023-08-22,21472.351804082842
2023-08-23,21936.044090117124
2023-08-24,21371.03194296711
2023-08-25,21636.849932425128
2023-08-28,21825.18792109672
2023-08-29,22293.647451650962
2023-08-30,22714.427261546592
2023-08-31,22740.651653568257
2023-09-01,22930.182817518402
2023-09-05,22958.789922367665
2023-09-06,22149.415114396576
2023-09-07,21511.68839211534
2023-09-08,21494.756111581766
2023-09-11,21618.422975771027
2023-09-12,21253.667838024878
2023-09-13,21236.855711696953
2023-09-14,21236.855711696953
2023-09-15,21236.855711696953
2023-09-18,21236.855711696953
2023-09-19,21236.855711696953
2023-09-20,20799.86715183228
2023-09-21,20783.389727355087
2023-09-22,20783.389727355087
2023-09-25,20783.389727355087
2023-09-26,20783.389727355087
2023-09-27,20783.389727355087
2023-09-28,20783.389727355087
2023-09-29,20783.389727355087
2023-10-02,20783.389727355087
2023-10-03,20783.389727355087
2023-10-04,20783.389727355087
2023-10-05,20783.389727355087
2023-10-06,20783.389727355087
2023-10-09,20783.389727355087
2023-10-10,20783.389727355087
2023-10-11,20783.389727355087
2023-10-12,20783.389727355087
2023-10-13,20555.471217225477
2023-10-16,20539.203087870133
2023-10-17,20539.203087870133
2023-10-18,20539.203087870133
2023-10-19,20539.203087870133
2023-10-20,20539.203087870133
2023-10-23,20539.203087870133
2023-10-24,20539.203087870133
2023-10-25,20539.203087870133
2023-10-26,20539.203087870133
2023-10-27,20539.203087870133
2023-10-30,20539.203087870133
2023-10-31,20539.203087870133
2023-11-01,20539.203087870133
2023-11-02,20539.203087870133
2023-11-03,20539.203087870133
2023-11-06,20539.203087870133
2023-11-07,20539.203087870133
2023-11-08,20642.6269307853
2023-11-09,20588.931888595143
2023-11-10,21035.27480725299
2023-11-13,20856.290764307592
2023-11-14,21151.61605675538
2023-11-15,21215.378599305954
2023-11-16,21405.551598653947
2023-11-17,21403.313807373426
2023-11-20,21600.19676669375
2023-11-21,21509.58584958079
2023-11-22,21584.535641599345
2023-11-24,21434.636057562235
2023-11-27,21414.499349906793
2023-11-28,21482.737475018403
2023-11-29,21367.515974623577
2023-11-30,21432.398266281718
2023-12-01,21576.70593251945
2023-12-04,21374.22764153052
2023-12-05,21820.572267122985
2023-12-06,21697.521057648264
2023-12-07,21915.65876679698
2023-12-08,22076.745600302067
2023-12-11,21793.7238925606
2023-12-12,21964.879933360717
2023-12-13,22328.443350920115
2023-12-14,22345.22251818747
2023-12-15,22284.81580909037
2023-12-18,22096.8806010229
2023-12-19,22214.339892698237
2023-12-20,21978.303267174597
2023-12-21,21961.52239297263
2023-12-22,21840.708974778427
2023-12-26,21779.182516573757
2023-12-27,21790.368059107124
2023-12-28,21838.471183497906
2023-12-29,21821.147218688835
2024-01-02,21821.147218688835
2024-01-03,21643.21517603022
2024-01-04,21372.58973175461
2024-01-05,21355.759115479843
2024-01-08,21355.759115479843
2024-01-09,21291.257548501497
2024-01-10,21410.401358598392
2024-01-11,21342.318686710376
2024-01-12,21379.763983107357
2024-01-16,21119.91852384949
2024-01-17,21012.12067145775
2024-01-18,20995.53771747915
2024-01-19,21298.752232693023
2024-01-22,21552.968797569316
2024-01-23,21693.714464608438
2024-01-24,21619.523363179174
2024-01-25,21583.51827048977
2024-01-26,21392.58323232624
2024-01-29,21317.30000805034
2024-01-30,20914.699575494105
2024-01-31,20517.554762706826
2024-02-01,20785.95560601812
2024-02-02,20675.75941189945
2024-02-05,20875.42144390761
2024-02-06,21052.173868457547
2024-02-07,21064.175566020684
2024-02-08,20945.250713235968
2024-02-09,21003.07662017978
2024-02-12,20817.595536963796
2024-02-13,20587.38236721377
2024-02-14,20490.27832868346
2024-02-15,20458.63839773779
2024-02-16,20442.590253173996
2024-02-20,20442.590253173996
2024-02-21,20442.590253173996
2024-02-22,20442.590253173996
2024-02-23,20224.65298106933
2024-02-26,20208.72179753499
2024-02-27,20208.72179753499
2024-02-28,20208.72179753499
2024-02-29,20208.72179753499
2024-03-01,20208.72179753499
2024-03-04,20208.72179753499
2024-03-05,20208.72179753499
2024-03-06,20208.72179753499
2024-03-07,20208.72179753499
2024-03-08,20208.72179753499
2024-03-11,20208.72179753499
2024-03-12,20208.72179753499
2024-03-13,20208.72179753499
2024-03-14,20208.72179753499
2024-03-15,20208.72179753499
2024-03-18,20208.72179753499
2024-03-19,20208.72179753499
2024-03-20,20208.72179753499
2024-03-21,20208.72179753499
2024-03-22,20208.72179753499
2024-03-25,20208.72179753499
2024-03-26,20208.72179753499
2024-03-27,20208.72179753499
2024-03-28,20208.72179753499
2024-04-01,20208.72179753499
2024-04-02,20208.72179753499
2024-04-03,20208.72179753499
2024-04-04,20208.72179753499
2024-04-05,20208.72179753499
2024-04-08,20208.72179753499
2024-04-09,20208.72179753499
2024-04-10,20208.72179753499
2024-04-11,20208.72179753499
2024-04-12,20208.72179753499
2024-04-15,20208.72179753499
2024-04-16,20208.72179753499
2024-04-17,20208.72179753499
2024-04-18,20208.72179753499
2024-04-19,20208.72179753499
2024-04-22,20208.72179753499
2024-04-23,20208.72179753499
2024-04-24,20208.72179753499
2024-04-25,20208.72179753499
2024-04-26,20208.72179753499
2024-04-29,20208.72179753499
2024-04-30,20208.72179753499
2024-05-01,20208.72179753499
2024-05-02,20208.72179753499
2024-05-03,20208.72179753499
2024-05-06,20010.509169703462
2024-05-07,19994.64868647301
2024-05-08,20015.401663389883
2024-05-09,20211.072086282864
2024-05-10,20048.547724971075
2024-05-13,20393.91056517427
2024-05-14,20516.872077141583
2024-05-15,20761.72808373648
2024-05-16,20774.558396213077
2024-05-17,20777.765974332226
2024-05-20,20902.866415553974
2024-05-21,21042.93773003172
2024-05-22,20887.89717382295
2024-05-23,20458.065390607208
2024-05-24,20789.5276379441
2024-05-28,20790.597918333806
2024-05-29,20822.673699525287
2024-05-30,20929.597320896864
2024-05-31,21032.24471528457
2024-06-03,21222.568630803977
2024-06-04,21256.784972774873
2024-06-05,21419.307702561677
2024-06-06,21270.683934116187
2024-06-07,21528.37025318768
2024-06-10,21125.267743789846
2024-06-11,22625.406021111048
2024-06-12,23258.395295372757
2024-06-13,23383.495736594505
2024-06-14,23196.379399194248
2024-06-17,23643.31935339544
2024-06-18,23388.840612443095
2024-06-20,22895.922652659134
2024-06-21,22661.76129233637
2024-06-24,22731.260993617903
2024-06-25,22830.70080988646
2024-06-26,23277.640764087653
2024-06-27,23368.526494863483
2024-06-28,22996.431117792414
2024-07-01,23651.873438888164
2024-07-02,24028.245042943105
2024-07-03,24165.107147776722
2024-07-05,24677.270576275576
2024-07-08,24835.518710603497
2024-07-09,24927.47145871907
2024-07-10,25387.243356921834
2024-07-11,24808.787805260603
2024-07-12,25126.349459731195
2024-07-15,25539.074703486476
2024-07-16,25583.984060204522
2024-07-17,24948.85748821337
2024-07-18,24446.315162546976
2024-07-19,24460.21575541328
2024-07-22,24422.793466848216
2024-07-23,24535.06196406838
2024-07-24,23843.266003272292
2024-07-25,23730.997506052125
2024-07-26,23781.25173861876
2024-07-29,23811.190222080808
2024-07-30,23871.06718900489
2024-07-31,24221.776536581656
2024-08-01,23824.0205345574
2024-08-02,23984.405966614762
2024-08-05,22852.08520785578
2024-08-06,22633.960106603772
2024-08-07,22910.89352591514
2024-08-08,23284.055920325947
2024-08-09,23597.342979337656
2024-08-12,23735.273733035996
2024-08-13,24135.168664314682
2024-08-14,24183.283967626892
2024-08-15,24504.05483174162
2024-08-16,24646.263443948814
2024-08-19,24629.155272963362
2024-08-20,24695.447396125743
2024-08-21,24683.68573251387
2024-08-22,24483.73908263702
2024-08-23,24730.732386961365
2024-08-26,24767.086026661706
2024-08-27,24857.971757437535
2024-08-28,24693.3100983963
2024-08-29,25046.15674370251
2024-08-30,24961.687800689964
2024-09-03,24295.554096372045
2024-09-04,24090.26093912162
2024-09-05,24253.85394929813
2024-09-06,24087.05336100247
2024-09-09,24096.676095359915
2024-09-10,24011.136871957657
2024-09-11,24283.792432760172
2024-09-12,24295.554096372045
2024-09-13,24266.684261774724
2024-09-16,23605.897064830377
2024-09-17,23656.149665872035
2024-09-18,24073.152768136166
2024-09-19,24947.78720782366
2024-09-20,24876.148577287702
2024-09-23,24691.171169141875
2024-09-24,24787.4017757663
2024-09-25,24680.478154394725
2024-09-26,24803.441297887024
2024-09-27,24832.30950095936
2024-09-30,25389.382286176264
2024-10-01,24663.37161493426
2024-10-02,24724.317230723067
2024-10-03,24605.631945739617
2024-10-04,24726.456159977493
2024-10-07,24180.076389507743
2024-10-08,24616.32496048677
2024-10-09,25019.425838359617
2024-10-10,24965.964027673832
2024-10-11,24806.648876006177
2024-10-14,25207.612456149585
2024-10-15,25480.268016952094
2024-10-16,25258.935337580944
2024-10-17,25298.49655540043
2024-10-18,25603.22952891941
2024-10-21,25761.476031722348
2024-10-22,25695.183908559968
2024-10-23,25149.87278695494
2024-10-24,25129.558669375325
2024-10-25,25219.374119761454
2024-10-28,25432.1510821149
2024-10-29,25461.020916712223
2024-10-30,25079.30443680869
2024-10-31,24631.294202217792
2024-11-01,24310.523338103067
2024-11-04,24214.291099953654
2024-11-05,24368.261375772723
2024-11-06,24290.20758899847
2024-11-07,24799.16343937817
2024-11-08,24743.56433096294
2024-11-11,24451.66166992055
2024-11-12,24451.66166992055
2024-11-13,24546.823627680253
2024-11-14,24878.287506542132
2024-11-15,24533.99331520366
2024-11-18,24856.903108572813
2024-11-19,24884.70266278043
2024-11-20,24961.687800689964
2024-11-21,24910.364919258605
2024-11-22,25054.71082919524
2024-11-25,25375.481693309965
2024-11-26,25609.644685157713
2024-11-27,25595.74409229141
2024-11-29,25852.361762498185
2024-12-02,26094.00855944895
2024-12-03,26421.19457980197
2024-12-04,26459.687148756737
2024-12-05,26462.89472687589
2024-12-06,26441.51032890657
2024-12-09,26859.582080035423
2024-12-10,26968.644630661427
2024-12-11,26831.78252582781
2024-12-12,26988.96037976602
2024-12-13,27007.137199616194
2024-12-16,27318.28369784849
2024-12-17,27579.17759503913
2024-12-18,26998.583114123467
2024-12-19,27184.62917113402
2024-12-20,27687.17149680041
2024-12-23,27770.571790948237
2024-12-24,28083.858849959946
2024-12-26,28171.53373956666
2024-12-27,27804.786501394155
2024-12-30,27442.315490205514
2024-12-31,27420.742580618626
2025-01-02,27420.742580618626
2025-01-03,27345.60036826799
2025-01-06,27525.48037265168
2025-01-07,27219.46562184887
2025-01-08,27273.209206184125
2025-01-10,26631.564833975233
2025-01-13,26362.840217781726
2025-01-14,26239.995826581933
2025-01-15,26743.440258691055
2025-01-16,25689.386846946905
2025-01-17,25878.041689791906
2025-01-21,25072.969089295977
2025-01-22,25203.49209176041
2025-01-23,25184.846187641106
2025-01-24,25088.32463819595
2025-01-27,25864.88026891459
2025-01-28,26786.21655017165
2025-01-29,26906.868486978092
2025-01-30,26712.729160891107
2025-01-31,26538.33363974941
2025-02-03,25661.966104366285
2025-02-04,26187.34846944335
2025-02-05,26151.152888401415
2025-02-06,26233.41511614327
2025-02-07,25620.287713711674
2025-02-10,25622.480168105023
2025-02-11,26167.604664498063
2025-02-12,26633.757288368583
2025-02-13,27144.880331742348
2025-02-14,27481.607853974412
2025-02-18,27467.348532271113
2025-02-19,27511.221050948378
2025-02-20,27616.51743885485
2025-02-21,27585.8063410549
2025-02-24,27755.8152797806
2025-02-25,27749.23289571263
2025-02-26,27016.551457300568
2025-02-27,26680.921835894485
2025-02-28,27178.881784761623
2025-03-03,26760.98993561369
2025-03-04,26530.65502848477
2025-03-05,26509.816669972115
2025-03-06,26464.84625046887
2025-03-07,26875.061161981474
2025-03-10,25603.83426398572
2025-03-11,25583.873718689447
2025-03-12,25583.873718689447
2025-03-13,25583.873718689447
2025-03-14,25583.873718689447
2025-03-17,25583.873718689447
2025-03-18,25583.873718689447
2025-03-19,25583.873718689447
2025-03-20,25583.873718689447
2025-03-21,25583.873718689447
2025-03-24,25583.873718689447
2025-03-25,25583.873718689447
2025-03-26,25583.873718689447
2025-03-27,25583.873718689447
2025-03-28,25583.873718689447
2025-03-31,25583.873718689447
2025-04-01,25583.873718689447
2025-04-02,25583.873718689447
2025-04-03,25583.873718689447
2025-04-04,25583.873718689447
2025-04-07,25583.873718689447
2025-04-08,25583.873718689447
2025-04-09,25583.873718689447
2025-04-10,25583.873718689447
2025-04-11,25583.873718689447
2025-04-14,25583.873718689447
2025-04-15,25583.873718689447
2025-04-16,25583.873718689447
2025-04-17,25583.873718689447
2025-04-21,25583.873718689447
2025-04-22,25583.873718689447
2025-04-23,25583.873718689447
2025-04-24,25583.873718689447
2025-04-25,25583.873718689447
2025-04-28,25583.873718689447
2025-04-29,25583.873718689447
2025-04-30,25583.873718689447
2025-05-01,25583.873718689447
2025-05-02,25583.873718689447
2025-05-05,25583.873718689447
2025-05-06,25583.873718689447
2025-05-07,25583.873718689447
2025-05-08,25583.873718689447
2025-05-09,25583.873718689447
2025-05-12,25583.873718689447
2025-05-13,25583.873718689447
2025-05-14,25583.873718689447
2025-05-15,25583.873718689447
2025-05-16,25583.873718689447
2025-05-19,25583.873718689447
2025-05-20,25583.873718689447
2025-05-21,25583.873718689447
2025-05-22,25583.873718689447
2025-05-23,25583.873718689447
2025-05-27,25583.873718689447
2025-05-28,25583.873718689447
2025-05-29,25583.873718689447
2025-05-30,25583.873718689447
2025-06-02,25583.873718689447
2025-06-03,25583.873718689447
2025-06-04,25583.873718689447
2025-06-05,25583.873718689447
2025-06-06,25583.873718689447
2025-06-09,25583.873718689447
2025-06-10,25583.873718689447
2025-06-11,25583.873718689447
2025-06-12,25583.873718689447
2025-06-13,25583.873718689447
2025-06-16,25583.873718689447
2025-06-17,25583.873718689447
2025-06-18,25583.873718689447
2025-06-20,25583.873718689447
2025-06-23,25583.873718689447
2025-06-24,25583.873718689447
2025-06-25,25583.873718689447
2025-06-26,25583.873718689447
2025-06-27,25583.873718689447
2025-06-30,25583.873718689447
2025-07-01,25583.873718689447
2025-07-02,25583.873718689447
2025-07-03,25583.873718689447
2025-07-07,25583.873718689447
2025-07-08,25583.873718689447
2025-07-09,25583.873718689447
2025-07-10,25583.873718689447
2025-07-11,25583.873718689447
2025-07-14,25583.873718689447
2025-07-15,25583.873718689447
2025-07-16,25583.873718689447
2025-07-17,25583.873718689447
2025-07-18,25583.873718689447
2025-07-21,25583.873718689447
2025-07-22,25583.873718689447
2025-07-23,25583.873718689447
2025-07-24,25583.873718689447
2025-07-25,25583.873718689447
2025-07-28,25583.873718689447
2025-07-29,25583.873718689447
2025-07-30,25583.873718689447
2025-07-31,25583.873718689447
2025-08-01,25583.873718689447
2025-08-04,25583.873718689447
2025-08-05,25583.873718689447
2025-08-06,25583.873718689447
2025-08-07,25583.873718689447
2025-08-08,25583.873718689447
2025-08-11,25325.73556836556
2025-08-12,25596.652638952415
2025-08-13,26000.286840026358
2025-08-14,25939.960871623134
2025-08-15,25809.437869158704
2025-08-18,25732.660124658833
2025-08-19,25696.464543616898
2025-08-20,25197.40669392378
2025-08-21,25075.65852992066
2025-08-22,25389.351891988106
2025-08-25,25323.543113972206
2025-08-26,25559.360830713806
2025-08-27,25688.787605981564
2025-08-28,25915.83048426185
2025-08-29,25869.763837561924
2025-09-02,25604.331250217056
2025-09-03,26564.057240538707
2025-09-04,26707.741663880457
2025-09-05,26697.87059822247
2025-09-08,26499.34468971948
2025-09-09,26112.163938371486
2025-09-10,25282.95927688496
2025-09-11,25638.33270323633
2025-09-12,26081.452840571543
2025-09-15,26369.91791445172
2025-09-16,26528.957886693446
2025-09-17,26621.0928537226
2025-09-18,26499.34468971948
2025-09-19,27335.128388015357
2025-09-22,28495.572741233344
2025-09-23,28314.596509652987
2025-09-24,28082.06914813072
2025-09-25,28582.223225020512
2025-09-26,28427.5715088241
2025-09-29,28314.596509652987
2025-09-30,28336.53444262093
2025-10-01,28426.473607998116
2025-10-02,28610.741868427114
2025-10-03,28708.357971439633
2025-10-06,28562.48109370454
2025-10-07,28539.448607169226
2025-10-08,28712.74622748495
2025-10-09,28271.820218172394
2025-10-10,27309.901773457394
2025-10-13,27572.04400558294
2025-10-14,27584.10919926358
2025-10-15,27756.310592382622
2025-10-16,27549.009845418324
2025-10-17,28079.875020108066
2025-10-20,29171.220240090825
2025-10-21,29229.35208047139
2025-10-22,28755.524192594847
2025-10-23,28879.463137362007
2025-10-24,29234.83823734268
2025-10-27,29891.83815845155
2025-10-28,29912.67819059351
2025-10-29,29989.45760872269
2025-10-30,30175.916649915725
2025-10-31,30062.943324373922
2025-11-03,29918.161000206183
2025-11-04,30026.749416961295
2025-11-05,30037.718383445266
2025-11-06,29997.13287272871
2025-11-07,29854.546350212942
2025-11-10,29959.841064490105
2025-11-11,30598.196755108973
2025-11-12,30402.961201825314
2025-11-13,30345.92726227073
2025-11-14,30286.69752106418
2025-11-17,29743.76547906449
2025-11-18,29741.57302467114
2025-11-19,29864.41741587093
2025-11-20,29611.050022206702
2025-11-21,30185.78771557371
2025-11-24,30671.68581801882
2025-11-25,30786.851597953977
2025-11-26,30850.466247947217
2025-11-28,30993.056117721604
2025-12-01,31459.20874159212
2025-12-02,31798.128718217533
2025-12-03,31574.374521527272
2025-12-04,31195.970282269904
2025-12-05,30985.377506456964
2025-12-08,30887.76140344444
2025-12-09,30809.88408448928
2025-12-10,30985.377506456964
2025-12-11,30903.115278715104
2025-12-12,30930.536021295728
2025-12-15,30473.156562257216
2025-12-16,30527.998047418456
2025-12-17,30224.177424638303
2025-12-18,30262.567133702887
2025-12-19,30424.899134793257
2025-12-22,30128.75377601913
2025-12-23,30281.211364192885
2025-12-24,30440.25301006392
2025-12-26,30395.282590560673
2025-12-29,30434.770200451243
2025-12-30,30360.183236715413
2025-12-31,30336.221457465123
